{
    "710192260657971200": {
        "auta": {
            "Bullhorn Prancer 1969": 100
        },
        "zbrane": {},
        "penize": 1080,
        "hotovost": 1080,
        "bank": 0,
        "last_collect": "2025-05-31T10:33:54.411705",
        "collect_timestamps": {
            "1378320035277307914": "2025-05-31T10:50:52.613710",
            "1378319995250937906": "2025-05-31T10:50:52.613710",
            "1378319956512473109": "2025-05-31T10:50:52.613710"
        }
    },
    "1331299862146318347": {
        "auta": [
            "BMW",
            "Falcon Stallion 350 1969",
            "Bullhorn Foreman 1988"
        ],
        "zbrane": []
    },
    "792820515491282965": {
        "auta": {
            "Bullhorn Prancer Widebody 2020": 2,
            "Overland Buckaroo 2018": 1,
            "Falcon Advance 100 Holiday Edition 1956": 1
        },
        "zbrane": {
            "Lemat Revolver": 1
        },
        "penize": 9990,
        "hotovost": 9990,
        "bank": 0
    }
}